total_shots,num_flagged,num_discarded,num_incorrect
1000000,517251,0,0
1000000,517893,0,0
1000000,516464,0,0
1000000,517927,0,0
1000000,517518,0,0
1000000,516228,0,0
1000000,517120,0,0
1000000,517132,0,0
1000000,517001,0,0
1000000,516954,0,0
1000000,517204,0,0
1000000,516970,0,0
1000000,516937,0,0
1000000,517348,0,0
1000000,516998,0,0
1000000,517959,0,0
1000000,517961,0,0
1000000,518102,0,0
1000000,517062,0,0
1000000,517200,0,0
1000000,517558,0,0
1000000,517680,0,0
1000000,517111,0,0
1000000,516921,0,0
1000000,517210,0,0
1000000,516785,0,0
1000000,516181,0,0
1000000,517536,0,0
1000000,517365,0,0
1000000,517696,0,0
1000000,516400,0,0
1000000,517107,0,0
1000000,517685,0,0
1000000,517431,0,0
1000000,517552,0,0
1000000,516773,0,0
1000000,517358,0,0
1000000,517303,0,0
1000000,517906,0,0
1000000,516087,0,0
1000000,517720,0,0
1000000,517110,0,0
1000000,516454,0,0
1000000,516735,0,0
1000000,517193,0,0
1000000,517537,0,0
1000000,517680,0,0
1000000,516676,0,0
1000000,517321,0,0
1000000,517520,0,0
1000000,516731,0,0
1000000,517141,0,0
1000000,517076,0,0
1000000,516745,0,0
1000000,517491,0,0
1000000,517501,0,0
1000000,517430,0,0
1000000,517123,0,0
1000000,517851,0,0
1000000,516604,0,0
1000000,517123,0,0
1000000,516909,0,0
1000000,517585,0,0
1000000,517235,0,0
1000000,517421,0,0
1000000,516162,0,0
1000000,517633,0,0
1000000,517301,0,0
1000000,516901,0,0
1000000,516772,0,0
1000000,517260,0,0
1000000,517967,0,0
1000000,516925,0,0
1000000,518121,0,0
1000000,516570,0,0
1000000,517179,0,0
1000000,516803,0,0
1000000,517506,0,0
1000000,517092,0,0
1000000,517111,0,0
1000000,517014,0,0
1000000,516540,0,0
1000000,517176,0,0
1000000,517162,0,0
1000000,516677,0,0
1000000,516839,0,0
1000000,516982,0,1
1000000,517732,0,0
1000000,516164,0,0
1000000,517530,0,0
1000000,517133,0,0
1000000,517377,0,0
1000000,517064,0,0
1000000,516105,0,0
1000000,516825,0,0
1000000,516840,0,0
1000000,516414,0,0
1000000,517878,0,0
1000000,517738,0,0
1000000,516577,0,0
1000000,517292,0,0
1000000,517012,0,0
1000000,517354,0,0
1000000,517375,0,0
1000000,518140,0,0
1000000,517371,0,0
1000000,516829,0,0
1000000,517457,0,0
1000000,517335,0,0
1000000,517555,0,0
1000000,517399,0,0
1000000,516825,0,0
1000000,517081,0,0
1000000,516664,0,0
1000000,517512,0,0
1000000,517385,0,0
1000000,517223,0,0
1000000,515895,0,0
1000000,517189,0,0
1000000,517467,0,0
1000000,517516,0,0
1000000,516784,0,0
1000000,517243,0,0
1000000,516472,0,0
1000000,517081,0,0
1000000,516960,0,0
1000000,517662,0,0
1000000,517579,0,0
1000000,517311,0,0
1000000,517164,0,0
1000000,516369,0,0
1000000,517567,0,0
1000000,517653,0,0
1000000,517359,0,0
1000000,518197,0,0
1000000,517423,0,0
1000000,517274,0,1
1000000,517527,0,0
1000000,518133,0,1
1000000,517378,0,0
1000000,518247,0,0
1000000,517417,0,0
1000000,516933,0,0
1000000,516828,0,0
1000000,518014,0,0
1000000,517663,0,0
1000000,517815,0,0
1000000,516349,0,0
1000000,517273,0,0
1000000,517549,0,0
1000000,517575,0,0
1000000,517931,0,0
1000000,517769,0,0
1000000,517250,0,0
1000000,517493,0,0
1000000,517039,0,0
1000000,516639,0,0
1000000,517233,0,0
1000000,517611,0,0
1000000,517100,0,0
1000000,516005,0,0
1000000,517161,0,0
1000000,516961,0,0
1000000,516963,0,0
1000000,517405,0,0
1000000,516714,0,0
1000000,517540,0,0
1000000,517980,0,0
1000000,517136,0,0
1000000,517132,0,0
1000000,516666,0,0
1000000,516681,0,0
1000000,516805,0,0
1000000,517667,0,0
1000000,517014,0,0
1000000,516571,0,0
1000000,516813,0,0
1000000,518171,0,0
1000000,517808,0,0
1000000,516375,0,0
1000000,516976,0,0
1000000,517392,0,0
1000000,516763,0,0
1000000,517797,0,0
1000000,517273,0,0
1000000,517346,0,0
1000000,517059,0,0
1000000,517426,0,0
1000000,517144,0,0
1000000,517984,0,0
1000000,517089,0,0
1000000,516689,0,0
1000000,517535,0,0
1000000,517957,0,0
1000000,517369,0,0
1000000,516681,0,0
1000000,517101,0,0
1000000,516377,0,0
1000000,517240,0,0
1000000,518800,0,0
1000000,516362,0,0
1000000,517127,0,0
1000000,517070,0,0
1000000,517597,0,0
1000000,516360,0,0
1000000,516376,0,0
1000000,516954,0,0
1000000,517080,0,0
1000000,517073,0,0
1000000,518306,0,0
1000000,517353,0,0
1000000,517661,0,0
1000000,517722,0,0
1000000,517220,0,1
1000000,517461,0,0
1000000,515931,0,0
1000000,518424,0,0
1000000,517165,0,0
1000000,518117,0,0
1000000,517684,0,0
1000000,516577,0,0
1000000,516586,0,0
1000000,517160,0,0
1000000,516415,0,0
1000000,516513,0,0
1000000,517218,0,0
1000000,517224,0,0
1000000,518027,0,0
1000000,517045,0,0
1000000,517232,0,0
1000000,517003,0,0
1000000,518119,0,0
1000000,516775,0,0
1000000,516749,0,0
1000000,516633,0,0
1000000,517503,0,0
1000000,517168,0,0
1000000,516534,0,0
1000000,517088,0,0
1000000,517068,0,0
1000000,516663,0,0
1000000,518159,0,0
1000000,517674,0,0
1000000,517798,0,0
1000000,517087,0,0
1000000,517263,0,0
1000000,518084,0,0
1000000,516407,0,0
1000000,517537,0,0
1000000,517653,0,0
1000000,517379,0,0
1000000,517753,0,0
1000000,517325,0,0
1000000,516216,0,0
1000000,517483,0,0
1000000,516998,0,0
1000000,517597,0,0
1000000,516796,0,0
1000000,516541,0,0
1000000,518307,0,0
1000000,516601,0,0
1000000,517787,0,1
1000000,517839,0,0
1000000,516591,0,0
1000000,517103,0,0
1000000,516985,0,0
1000000,516645,0,0
1000000,517033,0,0
1000000,516778,0,0
1000000,517182,0,0
1000000,516719,0,0
1000000,517137,0,0
1000000,516915,0,0
1000000,517308,0,0
1000000,516716,0,0
1000000,517490,0,0
1000000,517139,0,0
1000000,516778,0,0
1000000,517485,0,0
1000000,517702,0,0
1000000,517949,0,0
1000000,516943,0,0
1000000,517364,0,0
1000000,517029,0,0
1000000,516975,0,0
1000000,517026,0,0
1000000,518031,0,0
1000000,516964,0,0
1000000,517988,0,0
1000000,517641,0,0
1000000,516736,0,0
1000000,517406,0,0
1000000,516744,0,0
1000000,517807,0,0
1000000,516623,0,0
1000000,518073,0,0
1000000,516597,0,0
1000000,517684,0,0
1000000,517774,0,0
1000000,517673,0,0
1000000,517627,0,0
1000000,516938,0,0
1000000,517371,0,0
1000000,518109,0,0
1000000,517829,0,0
1000000,516149,0,0
1000000,517624,0,0
1000000,517129,0,0
1000000,517385,0,0
1000000,517366,0,0
1000000,517847,0,0
1000000,517626,0,0
1000000,518007,0,0
1000000,516566,0,0
1000000,516638,0,0
1000000,517288,0,1
1000000,516768,0,0
1000000,517478,0,0
1000000,517411,0,0
1000000,516434,0,0
1000000,517590,0,0
1000000,516602,0,0
1000000,516593,0,0
1000000,517810,0,0
1000000,517432,0,0
1000000,517972,0,1
1000000,517300,0,0
1000000,517955,0,0
1000000,516705,0,0
1000000,516616,0,0
1000000,517830,0,0
1000000,517428,0,0
1000000,517109,0,1
1000000,517923,0,0
1000000,517676,0,0
1000000,517265,0,0
1000000,516826,0,0
1000000,516734,0,0
1000000,517805,0,0
1000000,516938,0,0
1000000,517039,0,0
1000000,517303,0,0
1000000,518332,0,0
1000000,517169,0,0
1000000,516688,0,0
1000000,517361,0,0
1000000,517085,0,0
1000000,517277,0,0
1000000,517612,0,0
1000000,517293,0,0
1000000,516963,0,0
1000000,517115,0,0
1000000,517408,0,0
1000000,516456,0,0
1000000,517742,0,0
1000000,516731,0,0
1000000,517470,0,0
1000000,516496,0,0
1000000,516792,0,0
1000000,517301,0,0
1000000,517677,0,0
1000000,517139,0,0
1000000,517627,0,0
1000000,516842,0,0
1000000,516541,0,0
1000000,516983,0,0
1000000,517954,0,0
1000000,516819,0,0
1000000,516554,0,0
1000000,516841,0,0
1000000,517580,0,0
1000000,516249,0,0
1000000,517351,0,0
1000000,518067,0,0
1000000,516962,0,0
1000000,516971,0,0
1000000,517919,0,0
1000000,516639,0,0
1000000,516320,0,0
1000000,517526,0,0
1000000,517146,0,0
1000000,517353,0,0
1000000,516754,0,0
1000000,517121,0,0
1000000,517764,0,0
1000000,517662,0,0
1000000,517454,0,0
1000000,517690,0,0
1000000,518004,0,0
1000000,516850,0,0
1000000,516668,0,0
1000000,517547,0,0
1000000,516849,0,0
1000000,516886,0,0
1000000,516888,0,0
1000000,516661,0,0
1000000,517348,0,0
1000000,516854,0,0
1000000,517876,0,0
1000000,516925,0,0
1000000,517026,0,0
1000000,517059,0,0
1000000,517475,0,0
1000000,517480,0,0
1000000,516772,0,0
1000000,517146,0,0
1000000,517838,0,0
1000000,516506,0,0
1000000,517318,0,0
1000000,517420,0,0
1000000,516975,0,0
1000000,517235,0,0
1000000,517454,0,0
1000000,517039,0,0
1000000,517195,0,0
1000000,517202,0,0
1000000,517015,0,0
1000000,516790,0,0
1000000,517757,0,0
1000000,516715,0,0
1000000,517099,0,0
1000000,517568,0,0
1000000,517230,0,0
1000000,517235,0,0
1000000,517332,0,0
1000000,517403,0,0
1000000,517915,0,0
1000000,516668,0,0
1000000,517601,0,0
1000000,517165,0,0
1000000,517179,0,0
1000000,516899,0,0
1000000,517466,0,0
1000000,517239,0,0
1000000,518347,0,0
1000000,516191,0,0
1000000,517125,0,0
1000000,517587,0,0
1000000,516129,0,0
1000000,517115,0,0
1000000,516478,0,0
1000000,517497,0,0
1000000,517570,0,0
1000000,517441,0,0
1000000,516417,0,0
1000000,515793,0,0
1000000,516532,0,0
1000000,517334,0,0
1000000,518129,0,0
1000000,517170,0,0
1000000,517121,0,0
1000000,516313,0,0
1000000,516169,0,0
1000000,517290,0,0
1000000,518348,0,0
1000000,517497,0,0
1000000,517211,0,0
1000000,516163,0,0
1000000,516707,0,0
1000000,516329,0,0
1000000,518319,0,0
1000000,517073,0,0
1000000,518138,0,0
1000000,517081,0,0
1000000,517377,0,0
1000000,517165,0,0
1000000,517536,0,0
1000000,518085,0,0
1000000,517007,0,0
1000000,516688,0,0
1000000,517932,0,0
1000000,515972,0,0
1000000,517180,0,0
1000000,517399,0,0
1000000,517642,0,0
1000000,517417,0,0
1000000,517284,0,0
1000000,516584,0,0
1000000,517233,0,0
1000000,516874,0,0
1000000,516570,0,0
1000000,518226,0,0
1000000,516522,0,0
1000000,517107,0,0
1000000,517167,0,0
1000000,517144,0,0
1000000,517167,0,0
1000000,516855,0,0
1000000,516331,0,1
1000000,517462,0,0
1000000,517243,0,0
1000000,517317,0,0
1000000,516454,0,0
1000000,517093,0,0
1000000,516222,0,0
1000000,517891,0,0
1000000,516655,0,0
1000000,516991,0,0
1000000,517194,0,0
1000000,516476,0,0
1000000,516968,0,0
1000000,517078,0,0
1000000,517702,0,0
1000000,516751,0,0
1000000,517006,0,0
1000000,516843,0,0
1000000,517160,0,0
1000000,517353,0,0
1000000,516661,0,0
1000000,517517,0,0
1000000,517269,0,0
1000000,516260,0,0
1000000,517618,0,0
1000000,516440,0,0
1000000,516539,0,0
1000000,517381,0,0
1000000,516824,0,0
1000000,517069,0,0
1000000,516725,0,0
1000000,517020,0,0
1000000,516854,0,0
1000000,516785,0,0
1000000,517080,0,0
1000000,516878,0,0
1000000,517080,0,0
1000000,517632,0,0
1000000,516822,0,0
1000000,516467,0,0
1000000,516813,0,0
1000000,517596,0,0
1000000,517140,0,0
1000000,517026,0,0
1000000,517334,0,0
1000000,517072,0,0
1000000,517215,0,0
1000000,516150,0,0
1000000,517336,0,0
1000000,516524,0,0
1000000,516877,0,0
1000000,516804,0,0
1000000,517419,0,0
1000000,516470,0,0
1000000,517069,0,0
1000000,517478,0,0
1000000,517551,0,0
1000000,516556,0,0
1000000,516434,0,0
1000000,517760,0,0
1000000,517265,0,0
1000000,517676,0,0
1000000,516827,0,0
1000000,517593,0,0
1000000,516978,0,0
1000000,517354,0,0
1000000,517108,0,0
1000000,516851,0,0
1000000,516449,0,0
1000000,517628,0,0
1000000,516382,0,0
1000000,516821,0,0
1000000,517018,0,0
1000000,516968,0,0
1000000,517125,0,0
1000000,516891,0,0
1000000,517130,0,0
1000000,516933,0,0
1000000,516569,0,0
1000000,517571,0,0
1000000,516764,0,1
1000000,516820,0,0
1000000,517392,0,0
1000000,517321,0,0
1000000,516522,0,0
1000000,516825,0,0
1000000,517076,0,0
1000000,517406,0,0
1000000,517274,0,0
1000000,517420,0,0
1000000,517714,0,0
1000000,517222,0,0
1000000,517119,0,0
1000000,517514,0,0
1000000,516219,0,0
1000000,517441,0,0
1000000,516642,0,0
1000000,517602,0,0
1000000,517606,0,0
1000000,517422,0,0
1000000,517264,0,0
1000000,516899,0,0
1000000,517390,0,0
1000000,516809,0,0
1000000,517313,0,0
1000000,516690,0,0
1000000,516663,0,0
1000000,517533,0,0
1000000,517057,0,0
1000000,517045,0,0
1000000,517264,0,0
1000000,515737,0,0
1000000,516548,0,0
1000000,516588,0,0
1000000,516433,0,0
1000000,518469,0,0
1000000,516904,0,0
1000000,517310,0,0
1000000,516621,0,0
1000000,516466,0,0
1000000,518277,0,0
1000000,516622,0,0
1000000,516991,0,0
1000000,516220,0,0
1000000,517415,0,0
1000000,516224,0,0
1000000,517506,0,0
1000000,516770,0,0
1000000,516436,0,0
1000000,517179,0,0
1000000,517653,0,0
1000000,517204,0,0
1000000,517222,0,0
1000000,516644,0,0
1000000,517220,0,0
1000000,517202,0,0
1000000,517074,0,0
1000000,516829,0,0
1000000,517666,0,0
1000000,517590,0,0
1000000,518003,0,0
1000000,517104,0,0
1000000,517374,0,0
1000000,517107,0,0
1000000,516860,0,0
1000000,517514,0,0
1000000,516568,0,0
1000000,517772,0,0
1000000,515562,0,0
1000000,516622,0,0
1000000,517622,0,0
1000000,517215,0,0
1000000,516229,0,0
1000000,516952,0,0
1000000,518579,0,0
1000000,516635,0,0
1000000,516802,0,0
1000000,517249,0,0
1000000,516598,0,0
1000000,517435,0,0
1000000,517397,0,0
1000000,517838,0,0
1000000,517274,0,0
1000000,517425,0,0
1000000,517717,0,0
1000000,516553,0,0
1000000,517547,0,0
1000000,517351,0,0
1000000,516575,0,0
1000000,516830,0,0
1000000,516864,0,0
1000000,516868,0,0
1000000,517026,0,0
1000000,516417,0,0
1000000,517092,0,0
1000000,517235,0,0
1000000,516650,0,0
1000000,517719,0,0
1000000,517276,0,0
1000000,516768,0,0
1000000,517772,0,0
1000000,517403,0,0
1000000,517466,0,0
1000000,516679,0,0
1000000,517333,0,0
1000000,516553,0,0
1000000,515658,0,0
1000000,516504,0,0
1000000,517101,0,0
1000000,517031,0,0
1000000,516351,0,1
1000000,517551,0,0
1000000,516347,0,0
1000000,516774,0,0
1000000,517574,0,0
1000000,517442,0,0
1000000,517448,0,0
1000000,516894,0,0
1000000,516559,0,0
1000000,518063,0,0
1000000,517314,0,0
1000000,517323,0,0
1000000,516987,0,0
1000000,516437,0,0
1000000,516632,0,0
1000000,517570,0,0
1000000,516816,0,0
1000000,517821,0,0
1000000,517291,0,0
1000000,517179,0,0
1000000,517027,0,0
1000000,517538,0,0
1000000,517284,0,0
1000000,517249,0,0
1000000,517237,0,0
1000000,517328,0,0
1000000,517926,0,0
1000000,517429,0,0
1000000,517341,0,0
1000000,516992,0,0
1000000,516711,0,0
1000000,517977,0,0
1000000,517068,0,0
1000000,517249,0,0
1000000,516753,0,0
1000000,517315,0,0
1000000,517313,0,0
1000000,516771,0,0
1000000,516066,0,0
1000000,517359,0,0
1000000,517394,0,0
1000000,517264,0,0
1000000,516562,0,0
1000000,516734,0,0
1000000,517723,0,0
1000000,517202,0,0
1000000,517219,0,0
1000000,516971,0,0
1000000,517064,0,0
1000000,516730,0,0
1000000,516883,0,0
1000000,516789,0,0
1000000,517039,0,0
1000000,517337,0,0
1000000,516842,0,0
1000000,517665,0,0
1000000,517303,0,0
1000000,516365,0,0
1000000,516509,0,0
1000000,517372,0,0
1000000,517530,0,0
1000000,517038,0,0
1000000,517005,0,0
1000000,517376,0,0
1000000,516777,0,0
1000000,516497,0,0
1000000,517264,0,0
1000000,516522,0,0
1000000,517087,0,0
1000000,516872,0,0
1000000,517084,0,1
1000000,517779,0,1
1000000,517264,0,0
1000000,516613,0,0
1000000,517719,0,0
1000000,517074,0,0
1000000,517342,0,0
1000000,516812,0,0
1000000,518006,0,0
1000000,517493,0,0
1000000,517184,0,0
1000000,517247,0,0
1000000,517545,0,0
1000000,516476,0,0
1000000,516797,0,0
1000000,516873,0,0
1000000,516652,0,0
1000000,517458,0,0
1000000,517608,0,0
1000000,516643,0,0
1000000,516859,0,0
1000000,517331,0,0
1000000,517685,0,0
1000000,517463,0,0
1000000,517143,0,0
1000000,516773,0,0
1000000,516658,0,0
1000000,517041,0,0
1000000,516965,0,0
1000000,517859,0,0
1000000,517057,0,0
1000000,516515,0,0
1000000,517136,0,0
1000000,517774,0,0
1000000,517900,0,0
1000000,516851,0,0
1000000,517731,0,0
1000000,517707,0,0
1000000,516374,0,0
1000000,517901,0,0
1000000,516747,0,0
1000000,517273,0,0
1000000,517387,0,0
1000000,517588,0,0
1000000,517648,0,0
1000000,517128,0,0
1000000,517354,0,0
1000000,517780,0,0
1000000,517477,0,0
1000000,517330,0,0
1000000,517064,0,0
1000000,516407,0,0
1000000,516775,0,0
1000000,517259,0,0
1000000,518019,0,0
1000000,517429,0,0
1000000,516625,0,0
1000000,516968,0,0
1000000,517007,0,0
1000000,517367,0,0
1000000,516766,0,0
1000000,517540,0,0
1000000,515912,0,0
1000000,516836,0,0
1000000,517688,0,0
1000000,517074,0,0
1000000,517404,0,0
1000000,517142,0,0
1000000,517609,0,0
1000000,518150,0,0
1000000,517579,0,0
1000000,517459,0,0
1000000,517722,0,0
1000000,517228,0,0
1000000,516979,0,0
1000000,516469,0,0
1000000,517572,0,0
1000000,516837,0,0
1000000,517561,0,0
1000000,518129,0,0
1000000,517671,0,0
1000000,517103,0,0
1000000,517202,0,0
1000000,516816,0,0
1000000,517429,0,0
1000000,517390,0,0
1000000,517947,0,0
1000000,516623,0,0
1000000,517253,0,0
1000000,517262,0,0
1000000,516816,0,0
1000000,516204,0,0
1000000,516441,0,0
1000000,517536,0,0
1000000,516893,0,0
1000000,517942,0,0
1000000,516550,0,0
1000000,517249,0,0
1000000,516103,0,0
1000000,517358,0,0
1000000,517659,0,0
1000000,516262,0,0
1000000,518080,0,0
1000000,517556,0,0
1000000,517945,0,0
1000000,516793,0,0
1000000,517577,0,0
1000000,517890,0,0
1000000,516051,0,0
1000000,516533,0,0
1000000,517193,0,0
1000000,517730,0,0
1000000,518047,0,0
1000000,516879,0,0
1000000,517206,0,0
1000000,518275,0,0
1000000,517911,0,0
1000000,517892,0,0
1000000,516936,0,0
1000000,517584,0,0
1000000,516716,0,0
1000000,516449,0,0
1000000,515862,0,0
1000000,517845,0,0
1000000,517817,0,0
1000000,517120,0,0
1000000,516681,0,0
1000000,516915,0,0
1000000,517769,0,0
1000000,517029,0,0
1000000,517803,0,0
1000000,517291,0,0
1000000,516606,0,0
1000000,517366,0,0
1000000,517548,0,0
1000000,517336,0,0
1000000,516974,0,0
1000000,517187,0,0
1000000,516844,0,0
1000000,516452,0,0
1000000,516438,0,0
1000000,517735,0,0
1000000,516947,0,0
1000000,517439,0,0
1000000,517091,0,0
1000000,517275,0,0
1000000,516802,0,0
1000000,517703,0,0
1000000,516662,0,0
1000000,517252,0,0
1000000,518254,0,0
1000000,518222,0,0
1000000,516907,0,0
1000000,516780,0,0
1000000,516587,0,1
1000000,517323,0,0
1000000,517291,0,0
1000000,516666,0,0
1000000,517499,0,0
1000000,516485,0,0
1000000,516456,0,0
1000000,517013,0,0
1000000,517098,0,0
1000000,516948,0,0
1000000,516874,0,0
1000000,517498,0,0
1000000,516390,0,0
1000000,517010,0,0
1000000,516729,0,0
1000000,517256,0,0
1000000,518032,0,0
1000000,517626,0,0
1000000,517550,0,0
1000000,517525,0,0
1000000,516729,0,0
1000000,516395,0,0
1000000,516640,0,0
1000000,517153,0,0
1000000,516611,0,0
1000000,517287,0,0
1000000,517178,0,0
1000000,517364,0,0
1000000,517773,0,0
1000000,517314,0,0
1000000,517097,0,0
1000000,517282,0,0
1000000,516989,0,0
1000000,517407,0,0
1000000,515817,0,0
1000000,516758,0,0
1000000,517186,0,0
1000000,516689,0,0
1000000,517243,0,0
1000000,518048,0,0
1000000,517462,0,0
1000000,517151,0,0
1000000,516891,0,0
1000000,516333,0,0
1000000,517917,0,0
1000000,517646,0,0
1000000,517615,0,2
1000000,516873,0,0
1000000,517780,0,0
1000000,516823,0,0
1000000,518083,0,0
1000000,516919,0,0
1000000,516910,0,0
1000000,517653,0,0
1000000,517278,0,0
1000000,517594,0,0
1000000,518287,0,0
1000000,518177,0,0
1000000,516814,0,0
1000000,517611,0,0
1000000,517754,0,0
1000000,517447,0,0
1000000,516766,0,0
1000000,516226,0,0
1000000,517884,0,0
1000000,516900,0,0
1000000,518015,0,0
1000000,517532,0,0
1000000,517851,0,0
1000000,517645,0,0
1000000,516753,0,0
1000000,516773,0,0
1000000,516835,0,0
1000000,516049,0,0
1000000,516751,0,1
1000000,517805,0,0
1000000,517059,0,0
1000000,516975,0,0
1000000,517069,0,0
1000000,517374,0,0
1000000,516709,0,0
1000000,517680,0,0
1000000,516465,0,0
1000000,517175,0,0
1000000,517169,0,0
1000000,516919,0,0
1000000,517914,0,0
1000000,517171,0,0
1000000,518042,0,0
1000000,517191,0,0
1000000,516454,0,0
1000000,516889,0,0
1000000,516959,0,0
1000000,516748,0,0
1000000,516865,0,1
1000000,517527,0,0
1000000,517130,0,0
1000000,517074,0,0
